{
  "x": 0.0,
  "y": 0.7669999999999999,
  "z": -0.33999999999999997
}