{
    "completed": true,
    "position": {
        "x": 0.30000001192092898,
        "y": 0.46699997782707217,
        "z": 0.06000000610947609
    },
    "timestamp": "2026-01-29T22:13:33.1692080-05:00"
}