{
    "x": 0.0,
    "y": 0.5669999718666077,
    "z": -0.23999999463558198
}