{
  "x": 0.30000000000000004,
  "y": 0.4669999718666077,
  "z": 0.060000005364418046
}