{
    "completed": true,
    "position": {
        "x": 0.30000001192092898,
        "y": 0.7669999599456787,
        "z": -0.23999999463558198
    },
    "timestamp": "2026-01-26T19:35:41.0489210-05:00"
}