{
    "completed": true,
    "position": {
        "x": 0.0,
        "y": 0.5669999718666077,
        "z": -0.23999999463558198,
        "gripper_position": 0.10999999940395355
    },
    "timestamp": "2026-02-18T18:28:32.1320790-05:00"
}