{
  "x": 0.0,
  "y": 0.9669999778270721,
  "z": -0.23999999463558197
}