{
    "x": 0.0,
    "y": 0.5669999718666077,
    "z": -0.23800000548362733,
    "gripper_position": 0.10999999940395355
}