{
    "completed": true,
    "position": {
        "x": 0.0,
        "y": 0.6669999957084656,
        "z": -0.23999999463558198
    },
    "timestamp": "2026-02-05T22:49:37.8503980-05:00"
}