{
    "completed": true,
    "position": {
        "x": -0.20000000298023225,
        "y": 0.6669999957084656,
        "z": -0.14000000059604646
    },
    "timestamp": "2026-01-30T12:19:59.5466080-05:00"
}