{
  "x": 0.30000000000000004,
  "y": 0.7669999718666076,
  "z": -0.23999999463558197
}