{
  "x": 0.3,
  "y": 0.466999978,
  "z": 0.0600000061
}