{
  "x": 0.4,
  "y": 0.8669999718666076,
  "z": -0.4399999946355819
}