{
    "completed": true,
    "position": {
        "x": 0.0,
        "y": 0.9669999480247498,
        "z": -0.23999999463558198
    },
    "timestamp": "2026-01-30T11:43:28.2658620-05:00"
}