{
    "completed": true,
    "position": {
        "x": 0.4000000059604645,
        "y": 0.8669999837875366,
        "z": -0.4399999976158142
    },
    "timestamp": "2026-01-26T17:37:14.1923720-05:00"
}