{
    "completed": true,
    "position": {
        "x": 0.0,
        "y": 0.5669999718666077,
        "z": -0.23999999463558198
    },
    "timestamp": "2026-02-05T22:34:43.4049870-05:00"
}